时间,市值,资金,持仓
0,109000,100000,1000
1,114000,100000,1000
2,119000,100000,1000
3,125000,100000,1000
4,131000,25,4225
5,160575,160575,0
6,160575,160575,0
7,160575,160575,0
8,160575,160575,0
9,160575,160575,0
10,160575,160575,0
11,160575,160575,0
12,160575,160575,0
13,160575,160575,0
14,160575,160575,0
15,160575,7244,1433
16,169173,125,1496
17,178149,125,1496
18,187125,125,1496
19,194605,125,1496
20,203581,125,1496
21,212557,212557,0
22,212557,212557,0
23,212557,212557,0
24,212557,212557,0
25,212557,20263,1187
26,217305,11,1309
27,223850,11,1309
28,229086,11,1309
29,233013,11,1309
30,238249,11,1309
31,243485,243485,0
32,243485,243485,0
33,243485,9657,1193
34,247064,1299,1235
35,252004,1299,1235
36,259414,45,1241
37,261896,45,1241
38,264378,45,1241
39,268101,45,1241
40,271824,45,1241
41,275547,45,1241
42,281752,45,1241
43,281752,45,1241
44,284234,45,1241
45,290439,45,1241
46,295403,45,1241
47,296644,45,1241
48,299126,45,1241
49,302849,302849,0
50,302849,6173,1206
51,304055,492,1229
52,304055,492,1229
53,304055,245,1230
54,306515,245,1230
55,308975,245,1230
56,310205,245,1230
57,315125,245,1230
58,315125,245,1230
59,315125,245,1230
60,316355,245,1230
61,315125,315125,0
62,315125,315125,0
63,315125,315125,0
64,315125,315125,0
65,315125,18677,1158
66,316283,18677,1158
67,317441,18677,1158
68,320915,18677,1158
69,323231,18677,1158
70,324389,18677,1158
71,327863,521,1226
72,329089,253,1227
73,329089,329089,0
74,329089,12919,1171
75,330260,12919,1171
76,330260,12919,1171
77,333773,333773,0
78,333773,333773,0
79,333773,35721,1076
80,337001,2401,1195
81,337001,2401,1195
82,337001,2401,1195
83,337001,2401,1195
84,337001,2401,1195
85,339391,2401,1195
86,338196,338196,0
87,338196,236,1207
88,336989,236,1207
89,336989,236,1207
90,339403,236,1207
91,340610,236,1207
92,339403,236,1207
93,340610,236,1207
94,339403,236,1207
95,334575,236,1207
96,332161,236,1207
97,330954,236,1207
98,330954,236,1207
99,329747,236,1207
100,328540,236,1207
101,330954,236,1207
102,332161,236,1207
103,329747,236,1207
104,328540,328540,0
105,328540,328540,0
106,328540,328540,0
107,328540,328540,0
108,328540,328540,0
109,328540,8234,1169
110,329709,329709,0
111,329709,329709,0
112,329709,329709,0
113,329709,7004,1165
114,329709,329709,0
115,329709,329709,0
116,329709,329709,0
117,329709,7121,1148
118,330857,7121,1148
119,329709,658,1171
120,328538,658,1171
121,327367,658,1171
122,326196,102,1173
123,327369,102,1173
124,328542,328542,0
125,328542,328542,0
126,328542,328542,0
127,328542,3678,1152
128,330846,3678,1152
129,330846,3678,1152
130,329694,329694,0
131,329694,1414,1160
132,327374,1414,1160
133,327374,1414,1160
134,329694,282,1164
135,326202,282,1164
136,325038,282,1164
137,323874,282,1164
138,322710,5,1165
139,326205,5,1165
140,326205,5,1165
141,323875,323875,0
142,323875,41889,1018
143,325911,2271,1160
144,327071,311,1167
145,325904,32,1168
146,324736,32,1168
147,322400,32,1168
148,324736,32,1168
149,323568,32,1168
150,324736,32,1168
151,322400,32,1168
152,321232,32,1168
153,321232,32,1168
154,322400,32,1168
155,322400,32,1168
156,324736,32,1168
157,324736,32,1168
158,323568,32,1168
159,324736,32,1168
160,323568,32,1168
161,325904,32,1168
162,325904,32,1168
163,327072,32,1168
164,325904,32,1168
165,327072,32,1168
166,325904,32,1168
167,325904,32,1168
168,325904,32,1168
169,324736,32,1168
170,323568,32,1168
171,323568,323568,0
172,323568,323568,0
173,323568,323568,0
174,323568,323568,0
175,323568,8100,1143
176,323568,96,1172
177,323568,96,1172
178,323568,323568,0
179,323568,323568,0
180,323568,323568,0
181,323568,323568,0
182,323568,323568,0
183,323568,323568,0
184,323568,2439,1151
185,322417,2439,1151
186,322417,2439,1151
187,324719,2439,1151
188,325870,191,1159
189,325870,191,1159
190,325870,191,1159
191,323552,191,1159
192,323552,191,1159
193,323552,191,1159
194,324711,191,1159
195,323552,191,1159
196,323552,191,1159
197,323552,191,1159
198,320075,191,1159
199,321234,191,1159
200,322393,191,1159
201,323552,191,1159
202,322393,191,1159
203,325870,191,1159
204,327029,327029,0
205,327029,28673,1058
206,325971,28673,1058
207,331261,28673,1058
208,332319,28673,1058
209,335493,253,1156
210,335493,253,1156
211,334337,253,1156
212,333181,253,1156
213,332025,332025,0
214,332025,332025,0
215,332025,332025,0
216,332025,17593,1088
217,332025,17593,1088
218,333113,17593,1088
219,330937,17593,1088
220,329849,17593,1088
221,328761,17593,1088
222,328761,17593,1088
223,329849,329849,0
224,329849,329849,0
225,329849,329849,0
226,329849,329849,0
227,329849,2397,1153
228,327543,327543,0
229,327543,327543,0
230,327543,327543,0
231,327543,327543,0
232,327543,6711,1114
233,327543,6711,1114
234,326429,6711,1114
235,324201,6711,1114
236,323087,323087,0
237,323087,323087,0
238,323087,323087,0
239,323087,323087,0
240,323087,323087,0
241,323087,323087,0
242,323087,38887,1015
243,326132,2663,1143
244,327275,107,1152
245,326123,107,1152
246,326123,107,1152
247,326123,107,1152
248,327275,327275,0
249,327275,327275,0
250,327275,327275,0
251,327275,327275,0
252,327275,327275,0
253,327275,327275,0
254,327275,327275,0
255,327275,35150,1025
256,328300,258,1147
257,327153,327153,0
258,327153,16557,1086
259,328239,16557,1086
260,329325,329325,0
261,329325,329325,0
262,329325,329325,0
263,329325,329325,0
264,329325,10221,1108
265,330433,106,1143
266,329290,106,1143
267,330433,106,1143
268,329290,106,1143
269,330433,106,1143
270,331576,106,1143
271,329290,106,1143
272,330433,106,1143
273,330433,330433,0
274,330433,330433,0
275,330433,330433,0
276,330433,5836,1131
277,330433,5836,1131
278,331564,5836,1131
279,331564,364,1150
280,331564,364,1150
281,330414,364,1150
282,329264,364,1150
283,331564,76,1151
284,330413,76,1151
285,331564,76,1151
286,330413,330413,0
287,330413,27437,1052
288,328309,328309,0
289,328309,328309,0
290,328309,25639,1062
291,325123,541,1151
292,325123,541,1151
293,325123,541,1151
294,327425,257,1152
295,327425,257,1152
296,326273,257,1152
297,326273,326273,0
298,326273,326273,0
299,326273,28913,1062
300,328397,328397,0
301,328397,328397,0
302,328397,328397,0
303,328397,24965,1076
304,326245,325,1164
305,325081,325081,0
306,325081,325081,0
307,325081,325081,0
308,325081,325081,0
309,325081,12321,1117
310,326198,12321,1117
311,325081,281,1160
312,327401,281,1160
313,328561,281,1160
314,329721,281,1160
315,329721,281,1160
316,329721,281,1160
317,330881,281,1160
318,333201,281,1160
319,335521,281,1160
320,335521,281,1160
321,336681,281,1160
322,337841,281,1160
323,341321,281,1160
324,342481,281,1160
325,343641,281,1160
326,342481,342481,0
327,342481,342481,0
328,342481,342481,0
329,342481,342481,0
330,342481,342481,0
331,342481,342481,0
332,342481,18751,1090
333,342481,18751,1090
334,342481,18751,1090
335,344661,18751,1090
336,343571,18751,1090
337,344661,1110,1149
338,345810,210,1152
339,344658,210,1152
340,344658,210,1152
341,344658,210,1152
342,340050,210,1152
343,338898,338898,0
344,338898,11274,1122
345,336654,11274,1122
346,336654,11274,1122
347,335532,581,1159
348,335532,292,1160
349,336692,336692,0
350,336692,14502,1111
351,337803,14502,1111
352,338914,486,1159
353,338914,486,1159
354,337755,195,1160
355,337755,195,1160
356,337755,195,1160
357,336595,195,1160
358,333115,195,1160
359,337755,195,1160
360,338915,338915,0
361,338915,338915,0
362,338915,33656,1049
363,337866,886,1162
364,340190,302,1164
365,341354,302,1164
366,342518,8,1165
367,340188,8,1165
368,340188,8,1165
369,337858,8,1165
370,336693,8,1165
371,335528,8,1165
372,333198,333198,0
373,333198,35850,1047
374,331104,35850,1047
375,331104,35850,1047
376,330057,3254,1163
377,328894,3254,1163
378,328894,3254,1163
379,330057,163,1174
380,330057,163,1174
381,327709,163,1174
382,326535,163,1174
383,328883,163,1174
384,327709,163,1174
385,327709,163,1174
386,327709,163,1174
387,327709,163,1174
388,327709,163,1174
389,327709,327709,0
390,327709,21075,1103
391,327709,21075,1103
392,326606,854,1176
393,327782,327782,0
394,327782,327782,0
395,327782,327782,0
396,327782,136,1166
397,326616,136,1166
398,324284,136,1166
399,324284,324284,0
400,324284,39251,1029
401,323255,1439,1166
402,326753,1439,1166
403,322089,1439,1166
404,323255,59,1171
405,322084,59,1171
406,326768,59,1171
407,324426,59,1171
408,323255,59,1171
409,322084,59,1171
410,320913,59,1171
411,319742,319742,0
412,319742,319742,0
413,319742,319742,0
414,319742,27332,1083
415,319742,27332,1083
416,320825,320825,0
417,320825,320825,0
418,320825,320825,0
419,320825,320825,0
420,320825,320825,0
421,320825,320825,0
422,320825,15569,1106
423,323037,15569,1106
424,323037,1947,1155
425,324192,1947,1155
426,327657,1947,1155
427,327657,327657,0
428,327657,9282,1125
429,327657,226,1157
430,326500,226,1157
431,327657,226,1157
432,326500,226,1157
433,325343,226,1157
434,326500,326500,0
435,326500,326500,0
436,326500,2581,1161
437,331144,317,1169
438,333482,317,1169
439,334651,317,1169
440,335820,317,1169
441,336989,317,1169
442,335820,30,1170
443,335820,30,1170
444,336990,336990,0
445,336990,336990,0
446,336990,336990,0
447,336990,18058,1123
448,335867,18058,1123
449,334744,574,1185
450,333559,12,1187
451,335933,12,1187
452,333559,12,1187
453,334746,12,1187
454,333559,12,1187
455,332372,12,1187
456,328811,12,1187
457,328811,328811,0
458,328811,21065,1107
459,329918,21065,1107
460,329918,3488,1170
461,329918,140,1182
462,333464,333464,0
463,333464,333464,0
464,333464,333464,0
465,333464,333464,0
466,333464,19310,1126
467,334590,19310,1126
468,334590,830,1192
469,336974,830,1192
470,335782,830,1192
471,338166,830,1192
472,339358,339358,0
473,339358,339358,0
474,339358,339358,0
475,339358,339358,0
476,339358,339358,0
477,339358,1315,1203
478,339358,191,1207
479,339358,339358,0
480,339358,339358,0
481,339358,10588,1170
482,340528,340528,0
483,340528,7154,1178
484,339350,7154,1178
485,336994,434,1202
486,339398,152,1203
487,341804,341804,0
488,341804,33719,1081
489,338561,161,1200
490,337361,161,1200
491,337361,161,1200
492,336161,336161,0
493,336161,1209,1192
494,334969,89,1196
495,342145,89,1196
496,340949,89,1196
497,342145,89,1196
498,345733,89,1196
499,344537,89,1196
500,345733,89,1196
501,346929,346929,0
502,346929,346929,0
503,346929,20359,1130
504,350319,20359,1130
505,349189,20359,1130
506,351449,20359,1130
507,351449,1607,1194
508,350255,350255,0
509,350255,99740,855
510,350255,99740,855
511,347690,4330,1184
512,345322,4330,1184
513,345322,298,1198
514,344124,298,1198
515,340530,298,1198
516,340530,14,1199
517,340530,14,1199
518,339331,14,1199
519,336933,14,1199
520,340530,14,1199
521,342928,14,1199
522,340530,14,1199
523,338132,14,1199
524,335734,14,1199
525,336933,14,1199
526,338132,14,1199
527,338132,14,1199
528,336933,14,1199
529,338132,14,1199
530,338132,14,1199
531,338132,14,1199
532,339331,14,1199
533,339331,339331,0
534,339331,339331,0
535,339331,339331,0
536,339331,339331,0
537,339331,339331,0
538,339331,5915,1174
539,339331,519,1193
540,336945,237,1194
541,336945,237,1194
542,335751,237,1194
543,339333,237,1194
544,339333,237,1194
545,339333,237,1194
546,336945,237,1194
547,338139,237,1194
548,338139,237,1194
549,339333,237,1194
550,336945,237,1194
551,336945,237,1194
552,338139,237,1194
553,336945,237,1194
554,334557,237,1194
555,334557,334557,0
556,334557,19281,1118
557,336793,19281,1118
558,340147,339,1184
559,338963,53,1185
560,338963,53,1185
561,337778,53,1185
562,336593,53,1185
563,335408,53,1185
564,336593,53,1185
565,336593,53,1185
566,338963,338963,0
567,338963,338963,0
568,338963,338963,0
569,338963,338963,0
570,338963,338963,0
571,338963,338963,0
572,338963,338963,0
573,338963,30022,1069
574,338963,1122,1169
575,338963,1122,1169
576,335456,335456,0
577,335456,335456,0
578,335456,335456,0
579,335456,335456,0
580,335456,28564,1051
581,336507,1315,1144
582,337651,139,1148
583,335355,139,1148
584,336503,139,1148
585,335355,139,1148
586,335355,139,1148
587,334207,139,1148
588,333059,139,1148
589,330763,139,1148
590,330763,139,1148
591,330763,139,1148
592,330763,139,1148
593,331911,139,1148
594,328467,328467,0
595,328467,13341,1098
596,328467,139,1144
597,326179,139,1144
598,326179,139,1144
599,327323,139,1144
600,328467,139,1144
601,328467,328467,0
602,328467,328467,0
603,328467,2427,1140
604,328467,425,1147
605,329614,138,1148
606,330762,138,1148
607,329614,138,1148
608,328466,138,1148
609,328466,138,1148
610,330762,138,1148
611,330762,138,1148
612,327318,138,1148
613,327318,138,1148
614,329614,329614,0
615,329614,329614,0
616,329614,329614,0
617,329614,16444,1095
618,332899,1416,1147
619,331752,1416,1147
620,330605,1416,1147
621,330605,268,1151
622,332907,268,1151
623,332907,332907,0
624,332907,11467,1120
625,334027,11467,1120
626,334027,523,1158
627,335185,523,1158
628,334027,523,1158
629,336343,523,1158
630,334027,523,1158
631,336343,336343,0
632,336343,9175,1136
633,337479,505,1166
634,338645,505,1166
635,338645,215,1167
636,336311,215,1167
637,336311,215,1167
638,336311,215,1167
639,338645,215,1167
640,339812,215,1167
641,339812,215,1167
642,338645,215,1167
643,340979,215,1167
644,339812,339812,0
645,339812,339812,0
646,339812,3707,1155
647,344432,3707,1155
648,344432,3707,1155
649,343277,473,1166
650,344443,473,1166
651,343277,179,1167
652,345611,179,1167
653,344444,179,1167
654,346778,179,1167
655,349112,179,1167
656,349112,179,1167
657,349112,179,1167
658,349112,179,1167
659,349112,179,1167
660,346778,179,1167
661,343277,343277,0
662,343277,343277,0
663,343277,343277,0
664,343277,1345,1171
665,343277,1345,1171
666,342106,181,1175
667,340931,181,1175
668,340931,181,1175
669,340931,181,1175
670,340931,181,1175
671,340931,340931,0
672,340931,340931,0
673,340931,12889,1147
674,337490,1003,1189
675,337490,154,1192
676,337490,337490,0
677,337490,337490,0
678,337490,16330,1147
679,340931,16330,1147
680,342078,16330,1147
681,343225,16330,1147
682,343225,85,1204
683,344429,85,1204
684,345633,85,1204
685,349245,85,1204
686,349245,85,1204
687,349245,85,1204
688,354061,85,1204
689,350449,85,1204
690,352857,85,1204
691,350449,85,1204
692,348041,85,1204
693,348041,85,1204
694,351653,85,1204
695,351653,85,1204
696,351653,85,1204
697,350449,350449,0
698,350449,350449,0
699,350449,3553,1168
700,348113,308,1179
701,348113,308,1179
702,346934,308,1179
703,348113,308,1179
704,346934,308,1179
705,343397,308,1179
706,344576,16,1180
707,346936,346936,0
708,346936,346936,0
709,346936,346936,0
710,346936,1208,1168
711,345768,1208,1168
712,342264,1208,1168
713,339928,339928,0
714,339928,339928,0
715,339928,339928,0
716,339928,339928,0
717,339928,339928,0
718,339928,3592,1176
719,338752,457,1187
720,339939,457,1187
721,337565,457,1187
722,336378,457,1187
723,335191,175,1188
724,334003,175,1188
725,334003,175,1188
726,332815,175,1188
727,332815,332815,0
728,332815,332815,0
729,332815,332815,0
730,332815,16723,1113
731,331702,16723,1113
732,329476,1549,1167
733,329476,1549,1167
734,327142,327142,0
735,327142,327142,0
736,327142,327142,0
737,327142,1390,1176
738,325966,1390,1176
739,327142,282,1180
740,328322,282,1180
741,330682,282,1180
742,329502,282,1180
743,330682,282,1180
744,333042,282,1180
745,333042,282,1180
746,335402,282,1180
747,336582,282,1180
748,335402,282,1180
749,336582,336582,0
750,336582,336582,0
751,336582,5982,1160
752,337742,5982,1160
753,336582,567,1179
754,335403,567,1179
755,335403,567,1179
756,333045,567,1179
757,335403,283,1180
758,336583,283,1180
759,336583,283,1180
760,337763,283,1180
761,337763,283,1180
762,337763,283,1180
763,340123,283,1180
764,338943,283,1180
765,341303,283,1180
766,340123,283,1180
767,340123,340123,0
768,340123,2611,1176
769,340123,315,1184
770,342491,315,1184
771,341307,315,1184
772,340123,315,1184
773,337755,315,1184
774,337755,315,1184
775,336571,315,1184
776,335387,32,1185
777,335387,32,1185
778,333017,32,1185
779,334202,32,1185
780,334202,32,1185
781,334202,32,1185
782,331832,32,1185
783,331832,32,1185
784,333017,32,1185
785,335387,32,1185
786,335387,32,1185
787,338942,32,1185
788,338942,32,1185
789,341312,32,1185
790,340127,32,1185
791,342497,32,1185
792,342497,32,1185
793,341312,32,1185
794,338942,32,1185
795,341312,32,1185
796,346052,32,1185
797,343682,32,1185
798,341312,32,1185
799,342497,32,1185
800,342497,32,1185
801,342497,342497,0
802,342497,342497,0
803,342497,11595,1157
804,342497,342497,0
805,342497,342497,0
806,342497,342497,0
807,342497,342497,0
808,342497,2369,1181
809,342497,342497,0
810,342497,342497,0
811,342497,342497,0
812,342497,342497,0
813,342497,2492,1193
814,346076,2492,1193
815,344883,344883,0
816,344883,29584,1091
817,341610,2128,1187
818,343984,2128,1187
819,345171,345171,0
820,345171,345171,0
821,345171,345171,0
822,345171,345171,0
823,345171,345171,0
824,345171,34191,1095
825,346266,1701,1209
826,346266,276,1214
827,343838,276,1214
828,341410,276,1214
829,340196,276,1214
830,342624,276,1214
831,342624,276,1214
832,342624,276,1214
833,341410,341410,0
834,341410,2524,1206
835,341410,2524,1206
836,338998,292,1214
837,341426,292,1214
838,342640,292,1214
839,342640,292,1214
840,340212,292,1214
841,342640,10,1215
842,346285,10,1215
843,347500,10,1215
844,348715,10,1215
845,349930,10,1215
846,349930,10,1215
847,348715,10,1215
848,348715,10,1215
849,348715,10,1215
850,347500,10,1215
851,347500,10,1215
852,347500,10,1215
853,347500,10,1215
854,352360,10,1215
855,351145,10,1215
856,351145,351145,0
857,351145,351145,0
858,351145,351145,0
859,351145,351145,0
860,351145,351145,0
861,351145,351145,0
862,351145,351145,0
863,351145,3647,1186
864,347587,3647,1186
865,347587,347587,0
866,347587,347587,0
867,347587,347587,0
868,347587,1411,1202
869,347587,259,1206
870,347587,259,1206
871,348793,259,1206
872,348793,348793,0
873,348793,348793,0
874,348793,348793,0
875,348793,10663,1170
876,348793,259,1206
877,347587,347587,0
878,347587,347587,0
879,347587,347587,0
880,347587,347587,0
881,347587,1365,1198
882,346389,213,1202
883,349995,213,1202
884,346389,213,1202
885,347591,213,1202
886,349995,213,1202
887,346389,213,1202
888,347591,347591,0
889,347591,347591,0
890,347591,28824,1103
891,348694,28824,1103
892,350900,350900,0
893,350900,350900,0
894,350900,1409,1201
895,349699,1409,1201
896,347297,257,1205
897,348502,257,1205
898,346092,257,1205
899,346092,346092,0
900,346092,21495,1131
901,348354,3288,1194
902,347160,3288,1194
903,345966,3288,1194
904,347160,408,1204
905,344752,122,1205
906,343547,122,1205
907,344752,122,1205
908,347162,122,1205
909,347162,122,1205
910,348367,122,1205
911,348367,348367,0
912,348367,348367,0
913,348367,348367,0
914,348367,348367,0
915,348367,348367,0
916,348367,23187,1145
917,349512,957,1223
918,350735,957,1223
919,351958,957,1223
920,353181,353181,0
921,353181,353181,0
922,353181,6198,1209
923,351972,6198,1209
924,350763,213,1230
925,354453,213,1230
926,350763,213,1230
927,349533,213,1230
928,349533,213,1230
929,348303,213,1230
930,350763,213,1230
931,351993,213,1230
932,350763,213,1230
933,349533,213,1230
934,351993,213,1230
935,351993,213,1230
936,353223,213,1230
937,351993,213,1230
938,353223,213,1230
939,354453,213,1230
940,356913,213,1230
941,356913,213,1230
942,356913,213,1230
943,355683,213,1230
944,354453,213,1230
945,351993,213,1230
946,347073,213,1230
947,345843,213,1230
948,343383,213,1230
949,345843,213,1230
950,347073,213,1230
951,347073,213,1230
952,347073,213,1230
953,342153,213,1230
954,343383,213,1230
955,342153,213,1230
956,339693,213,1230
957,339693,213,1230
958,343383,213,1230
959,344613,213,1230
960,344613,213,1230
961,340923,213,1230
962,342153,213,1230
963,343383,213,1230
964,345843,213,1230
965,347073,347073,0
966,347073,347073,0
967,347073,10929,1192
968,347073,347073,0
969,347073,347073,0
970,347073,347073,0
971,347073,14313,1180
972,345893,345893,0
973,345893,9749,1192
974,348277,9749,1192
975,345893,725,1224
976,349565,725,1224
977,349565,725,1224
978,350789,153,1226
979,350789,153,1226
980,350789,350789,0
981,350789,8398,1193
982,353175,8398,1193
983,355561,8398,1193
984,354368,8398,1193
985,354368,8398,1193
986,355561,832,1219
987,353123,254,1221
988,355565,254,1221
989,355565,254,1221
990,353123,254,1221
991,354344,354344,0
992,354344,276,1238
993,353106,276,1238
994,354344,276,1238
995,355582,276,1238
996,355582,276,1238
997,358058,276,1238
998,355582,276,1238
999,356820,276,1238
1000,359296,276,1238
1001,356820,276,1238
1002,358058,276,1238
1003,358058,276,1238
1004,359296,276,1238
1005,359296,276,1238
1006,361772,276,1238
1007,361772,276,1238
1008,361772,276,1238
1009,365486,365486,0
1010,365486,365486,0
1011,365486,365486,0
1012,365486,365486,0
1013,365486,5158,1234
1014,367954,367954,0
1015,367954,9862,1218
1016,364300,364300,0
1017,364300,364300,0
1018,364300,364300,0
1019,364300,364300,0
1020,364300,364300,0
1021,364300,364300,0
1022,364300,364300,0
1023,364300,364300,0
1024,364300,364300,0
1025,364300,8488,1194
1026,365494,8488,1194
1027,361912,8488,1194
1028,363106,363106,0
1029,363106,363106,0
1030,363106,363106,0
1031,363106,363106,0
1032,363106,363106,0
1033,363106,363106,0
1034,363106,39426,1120
1035,364226,39426,1120
1036,364226,2016,1249
1037,364226,276,1255
1038,364226,276,1255
1039,365481,276,1255
1040,366736,276,1255
1041,369246,276,1255
1042,369246,369246,0
1043,369246,15888,1206
1044,370452,600,1258
1045,370452,306,1259
1046,367934,306,1259
1047,366675,306,1259
1048,366675,15,1260
1049,365415,15,1260
1050,362895,15,1260
1051,360375,15,1260
1052,359115,15,1260
1053,359115,15,1260
1054,357855,15,1260
1055,359115,15,1260
1056,359115,15,1260
1057,356595,15,1260
1058,355335,15,1260
1059,355335,15,1260
1060,354075,15,1260
1061,355335,15,1260
1062,355335,15,1260
1063,357855,357855,0
1064,357855,8916,1233
1065,359088,359088,0
1066,359088,5224,1246
1067,360334,5224,1246
1068,362826,5224,1246
1069,362826,345,1263
1070,365352,56,1264
1071,365352,56,1264
1072,366616,56,1264
1073,369144,56,1264
1074,369144,369144,0
1075,369144,51822,1098
1076,369144,51822,1098
1077,366948,366948,0
1078,366948,20539,1207
1079,369362,20539,1207
1080,370569,1399,1273
1081,369296,1399,1273
1082,370569,1399,1273
1083,370569,370569,0
1084,370569,370569,0
1085,370569,26409,1195
1086,368179,368179,0
1087,368179,19411,1211
1088,369390,19411,1211
1089,369390,1204,1274
1090,368116,1204,1274
1091,369390,1204,1274
1092,365568,365568,0
1093,365568,20594,1202
1094,369174,20594,1202
1095,369174,369174,0
1096,369174,369174,0
1097,369174,369174,0
1098,369174,92,1286
1099,371746,92,1286
1100,371746,92,1286
1101,373032,92,1286
1102,371746,92,1286
1103,371746,92,1286
1104,367888,92,1286
1105,366602,92,1286
1106,366602,92,1286
1107,364030,92,1286
1108,364030,364030,0
1109,364030,364030,0
1110,364030,364030,0
1111,364030,364030,0
1112,364030,364030,0
1113,364030,17355,1225
1114,361580,17355,1225
1115,357905,675,1285
1116,356620,675,1285
1117,359190,675,1285
1118,360475,115,1287
1119,364336,115,1287
1120,364336,115,1287
1121,366910,115,1287
1122,369484,115,1287
1123,368197,368197,0
1124,368197,13752,1235
1125,366962,310,1282
1126,369526,22,1283
1127,370809,370809,0
1128,370809,2623,1274
1129,369535,2623,1274
1130,369535,2623,1274
1131,366987,335,1282
1132,365705,50,1283
1133,363139,50,1283
1134,366988,50,1283
1135,366988,50,1283
1136,368271,50,1283
1137,369554,50,1283
1138,369554,50,1283
1139,366988,50,1283
1140,366988,50,1283
1141,365705,50,1283
1142,365705,50,1283
1143,363139,50,1283
1144,364422,50,1283
1145,363139,50,1283
1146,365705,50,1283
1147,364422,47762,1115
1148,365537,47762,1115
1149,365537,47762,1115
1150,365537,47762,1115
1151,364422,47762,1115
1152,365537,365537,0
1153,365537,4013,1282
1154,361691,361691,0
1155,361691,11411,1251
1156,364193,364193,0
1157,364193,364193,0
1158,364193,364193,0
1159,364193,364193,0
1160,364193,364193,0
1161,364193,364193,0
1162,364193,1313,1296
1163,366785,185,1300
1164,370685,185,1300
1165,370685,185,1300
1166,371985,185,1300
1167,370685,185,1300
1168,368085,185,1300
1169,368085,185,1300
1170,366785,185,1300
1171,369385,369385,0
1172,369385,8989,1278
1173,370663,782,1307
1174,370663,782,1307
1175,369356,218,1309
1176,370665,218,1309
1177,370665,218,1309
1178,370665,218,1309
1179,369356,218,1309
1180,368047,218,1309
1181,369356,369356,0
1182,369356,369356,0
1183,369356,369356,0
1184,369356,369356,0
1185,369356,20983,1231
1186,369356,20983,1231
1187,369356,369356,0
1188,369356,369356,0
1189,369356,369356,0
1190,369356,369356,0
1191,369356,369356,0
1192,369356,19752,1231
1193,369356,19752,1231
1194,369356,440,1299
1195,369356,440,1299
1196,368057,157,1300
1197,369357,157,1300
1198,369357,157,1300
1199,368057,157,1300
1200,366757,157,1300
1201,362857,157,1300
1202,361557,361557,0
1203,361557,361557,0
1204,361557,361557,0
1205,361557,361557,0
1206,361557,361557,0
1207,361557,27679,1201
1208,360356,27679,1201
1209,359155,3943,1287
1210,361729,3943,1287
1211,361729,329,1300
1212,360429,52,1301
1213,360429,52,1301
1214,360429,360429,0
1215,360429,360429,0
1216,360429,1469,1282
1217,361711,1469,1282
1218,361711,1469,1282
1219,365557,365557,0
1220,365557,365557,0
1221,365557,365557,0
1222,365557,365557,0
1223,365557,365557,0
1224,365557,20583,1202
1225,363153,20583,1202
1226,363153,20583,1202
1227,359547,20583,1202
1228,355941,774,1273
1229,355941,774,1273
1230,357214,214,1275
1231,353389,214,1275
1232,358489,214,1275
1233,355939,214,1275
1234,355939,214,1275
1235,355939,214,1275
1236,359764,214,1275
1237,361039,214,1275
1238,362314,362314,0
1239,362314,74,1280
1240,361034,74,1280
1241,363594,74,1280
1242,362314,74,1280
1243,362314,74,1280
1244,362314,74,1280
1245,359754,74,1280
1246,361034,74,1280
1247,359754,74,1280
1248,361034,74,1280
1249,359754,74,1280
1250,359754,74,1280
1251,358474,74,1280
1252,362314,74,1280
1253,362314,362314,0
1254,362314,9979,1245
1255,359824,1268,1276
1256,359824,1268,1276
1257,359824,144,1280
1258,359824,144,1280
1259,361104,144,1280
1260,362384,144,1280
1261,364944,364944,0
1262,364944,364944,0
1263,364944,364944,0
1264,364944,364944,0
1265,364944,364944,0
1266,364944,11364,1245
1267,363699,11364,1245
1268,362454,11364,1245
1269,362454,362454,0
1270,362454,362454,0
1271,362454,10236,1249
1272,359956,10236,1249
1273,361205,120,1285
1274,362490,120,1285
1275,362490,120,1285
1276,359920,120,1285
1277,363775,120,1285
1278,359920,120,1285
1279,362490,362490,0
1280,362490,362490,0
1281,362490,11282,1228
1282,361262,1022,1264
1283,359998,170,1267
1284,362532,170,1267
1285,361265,170,1267
1286,361265,170,1267
1287,365066,170,1267
1288,365066,170,1267
1289,363799,363799,0
1290,363799,363799,0
1291,363799,363799,0
1292,363799,363799,0
1293,363799,363799,0
1294,363799,22843,1188
1295,364987,22843,1188
1296,362611,821,1265
1297,363876,821,1265
1298,365141,245,1267
1299,366408,245,1267
1300,370209,245,1267
1301,370209,245,1267
1302,366408,245,1267
1303,366408,245,1267
1304,365141,245,1267
1305,366408,245,1267
1306,363874,245,1267
1307,363874,245,1267
1308,363874,245,1267
1309,363874,245,1267
1310,365141,245,1267
1311,367675,245,1267
1312,367675,245,1267
1313,365141,245,1267
1314,366408,245,1267
1315,366408,245,1267
1316,366408,245,1267
1317,366408,366408,0
1318,366408,366408,0
1319,366408,72,1272
1320,366408,72,1272
1321,365136,72,1272
1322,368952,72,1272
1323,368952,72,1272
1324,367680,72,1272
1325,367680,72,1272
1326,367680,72,1272
1327,368952,72,1272
1328,366408,72,1272
1329,368952,72,1272
1330,367680,72,1272
1331,367680,72,1272
1332,365136,72,1272
1333,367680,72,1272
1334,366408,72,1272
1335,366408,72,1272
1336,367680,72,1272
1337,367680,72,1272
1338,367680,72,1272
1339,365136,72,1272
1340,368952,72,1272
1341,370224,370224,0
1342,370224,31500,1164
1343,372552,442,1270
1344,372552,442,1270
1345,368742,152,1271
1346,363658,152,1271
1347,364929,152,1271
1348,366200,152,1271
1349,366200,152,1271
1350,363658,152,1271
1351,363658,152,1271
1352,361116,152,1271
1353,362387,152,1271
1354,361116,152,1271
1355,361116,152,1271
1356,361116,152,1271
1357,362387,152,1271
1358,362387,152,1271
1359,361116,152,1271
1360,361116,152,1271
1361,361116,361116,0
1362,361116,3970,1262
1363,363640,265,1275
1364,363640,363640,0
1365,363640,7788,1253
1366,362387,362387,0
1367,362387,362387,0
1368,362387,39215,1146
1369,362387,39215,1146
1370,362387,39215,1146
1371,362387,39215,1146
1372,363533,1859,1278
1373,363533,1859,1278
1374,363533,161,1284
1375,367385,161,1284
1376,367385,161,1284
1377,368669,161,1284
1378,371237,161,1284
1379,368669,161,1284
1380,368669,368669,0
1381,368669,368669,0
1382,368669,368669,0
1383,368669,34049,1170
1384,369839,369839,0
1385,369839,369839,0
1386,369839,11263,1228
1387,367383,367383,0
1388,367383,367383,0
1389,367383,367383,0
1390,367383,1403,1262
1391,368645,368645,0
1392,368645,18377,1212
1393,368645,18377,1212
1394,369857,18377,1212
1395,372281,1149,1271
1396,372281,1149,1271
1397,372281,273,1274
1398,369733,273,1274
1399,368459,273,1274
1400,369733,273,1274
1401,372281,273,1274
1402,373555,273,1274
1403,374829,273,1274
1404,373555,273,1274
1405,372281,273,1274
1406,373555,373555,0
1407,373555,373555,0
1408,373555,31090,1185
1409,372370,31090,1185
1410,372370,372370,0
1411,372370,8808,1258
1412,371112,8808,1258
1413,369854,8808,1258
1414,369854,8808,1258
1415,372370,8808,1258
1416,371112,8808,1258
1417,369854,8808,1258
1418,368596,8808,1258
1419,366080,8808,1258
1420,362306,1221,1285
1421,363591,1221,1285
1422,363591,363591,0
1423,363591,32764,1169
1424,365929,32764,1169
1425,364760,1240,1280
1426,362200,362200,0
1427,362200,5330,1270
1428,362200,5330,1270
1429,363470,254,1288
1430,364758,254,1288
1431,362182,254,1288
1432,363470,254,1288
1433,364758,254,1288
1434,364758,254,1288
1435,363470,254,1288
1436,364758,254,1288
1437,364758,254,1288
1438,369910,369910,0
1439,369910,6568,1266
1440,369910,6568,1266
1441,369910,6568,1266
1442,371176,520,1287
1443,371176,232,1288
1444,367312,232,1288
1445,363448,232,1288
1446,364736,232,1288
1447,366024,366024,0
1448,366024,14736,1224
1449,368472,864,1272
1450,372288,864,1272
1451,372288,864,1272
1452,372288,864,1272
1453,373560,278,1274
1454,376108,278,1274
1455,374834,278,1274
1456,376108,278,1274
1457,377382,278,1274
1458,374834,374834,0
1459,374834,374834,0
1460,374834,1364,1266
1461,372302,192,1270
1462,372302,192,1270
1463,369762,192,1270
1464,369762,192,1270
1465,371032,192,1270
1466,371032,192,1270
1467,368492,192,1270
1468,367222,192,1270
1469,364682,192,1270
1470,365952,192,1270
1471,364682,364682,0
1472,364682,364682,0
1473,364682,364682,0
1474,364682,364682,0
1475,364682,364682,0
1476,364682,364682,0
1477,364682,17066,1207
1478,364682,364682,0
1479,364682,364682,0
1480,364682,10042,1240
1481,360962,420,1274
1482,360962,420,1274
1483,358414,420,1274
1484,358414,358414,0
1485,358414,358414,0
1486,358414,358414,0
1487,358414,10144,1235
1488,355944,10144,1235
1489,355944,10144,1235
1490,359649,522,1269
1491,359649,522,1269
1492,360918,238,1270
1493,363458,363458,0
1494,363458,363458,0
1495,363458,363458,0
1496,363458,363458,0
1497,363458,6353,1253
1498,362205,389,1274
1499,363479,389,1274
1500,362205,362205,0
1501,362205,362205,0
1502,362205,248,1279
1503,364763,248,1279
1504,363484,248,1279
1505,363484,248,1279
1506,364763,364763,0
1507,364763,12251,1224
1508,367211,1231,1262
1509,370997,59,1266
1510,373529,373529,0
1511,373529,373529,0
1512,373529,29264,1167
1513,373529,29264,1167
1514,377030,656,1263
1515,374504,656,1263
1516,373241,66,1265
1517,374506,66,1265
1518,373241,66,1265
1519,371976,66,1265
1520,371976,66,1265
1521,375771,66,1265
1522,377036,66,1265
1523,375771,66,1265
1524,374506,66,1265
1525,375771,66,1265
1526,375771,66,1265
1527,375771,66,1265
1528,375771,375771,0
1529,375771,375771,0
1530,375771,7656,1265
1531,378301,7656,1265
1532,378301,331,1290
1533,379591,331,1290
1534,378301,331,1290
1535,378301,38,1291
1536,377010,38,1291
1537,378301,38,1291
1538,379592,38,1291
1539,382174,38,1291
1540,380883,38,1291
1541,382174,38,1291
1542,382174,38,1291
1543,384756,38,1291
1544,383465,38,1291
1545,384756,38,1291
1546,383465,38,1291
1547,380883,38,1291
1548,379592,38,1291
1549,377010,377010,0
1550,377010,377010,0
1551,377010,29822,1189
1552,377010,377010,0
1553,377010,34212,1178
1554,375832,1152,1292
1555,373248,1152,1292
1556,373248,288,1295
1557,374543,374543,0
1558,374543,374543,0
1559,374543,8958,1265
1560,375808,838,1293
1561,374515,260,1295
1562,377105,260,1295
1563,375810,260,1295
1564,373220,260,1295
1565,373220,373220,0
1566,373220,373220,0
1567,373220,373220,0
1568,373220,2703,1291
1569,371929,129,1300
1570,371929,129,1300
1571,369329,129,1300
1572,370629,129,1300
1573,369329,129,1300
1574,371929,129,1300
1575,371929,129,1300
1576,373229,129,1300
1577,374529,129,1300
1578,371929,129,1300
1579,373229,129,1300
1580,373229,129,1300
1581,368029,129,1300
1582,362829,129,1300
1583,360229,129,1300
1584,361529,129,1300
1585,361529,129,1300
1586,362829,129,1300
1587,368029,368029,0
1588,368029,368029,0
1589,368029,368029,0
1590,368029,1324,1305
1591,369334,196,1309
1592,371952,196,1309
1593,374570,196,1309
1594,378497,196,1309
1595,379806,196,1309
1596,381115,196,1309
1597,382424,382424,0
1598,382424,12964,1274
1599,382424,784,1316
1600,381108,206,1318
1601,379790,206,1318
1602,378472,206,1318
1603,377154,206,1318
1604,381108,206,1318
1605,381108,206,1318
1606,382426,206,1318
1607,383744,206,1318
1608,383744,206,1318
1609,383744,206,1318
1610,382426,206,1318
1611,382426,382426,0
1612,382426,382426,0
1613,382426,382426,0
1614,382426,382426,0
1615,382426,382426,0
1616,382426,382426,0
1617,382426,382426,0
1618,382426,382426,0
1619,382426,382426,0
1620,382426,49254,1141
1621,383567,49254,1141
1622,381285,49254,1141
1623,380144,49254,1141
1624,382426,2534,1301
1625,381125,497,1308
1626,383741,204,1309
1627,383741,204,1309
1628,386359,204,1309
1629,383741,204,1309
1630,385050,204,1309
1631,385050,204,1309
1632,386359,204,1309
1633,386359,204,1309
1634,387668,387668,0
1635,387668,387668,0
1636,387668,6644,1296
1637,387668,470,1317
1638,385034,470,1317
1639,385034,178,1318
1640,383716,383716,0
1641,383716,3970,1314
1642,383716,3970,1314
1643,381088,3970,1314
1644,385030,385030,0
1645,385030,385030,0
1646,385030,385030,0
1647,385030,11800,1305
1648,385030,385030,0
1649,385030,385030,0
1650,385030,23214,1274
1651,383756,291,1355
1652,381046,291,1355
1653,382401,382401,0
1654,382401,39207,1217
1655,381184,381184,0
1656,381184,381184,0
1657,381184,14664,1309
1658,382493,14664,1309
1659,385111,797,1358
1660,383753,233,1360
1661,383753,233,1360
1662,379673,233,1360
1663,382393,233,1360
1664,379673,233,1360
1665,381033,233,1360
1666,382393,233,1360
1667,382393,233,1360
1668,382393,233,1360
1669,382393,233,1360
1670,385113,233,1360
1671,383753,233,1360
1672,387833,387833,0
1673,387833,387833,0
1674,387833,387833,0
1675,387833,1625,1341
1676,387833,185,1346
1677,387833,185,1346
1678,390525,185,1346
1679,391871,185,1346
1680,390525,185,1346
1681,390525,390525,0
1682,390525,390525,0
1683,390525,390525,0
1684,390525,35565,1224
1685,392973,35565,1224
1686,390525,35565,1224
1687,391749,35565,1224
1688,394197,35565,1224
1689,394197,3042,1335
1690,390192,3042,1335
1691,388857,152,1345
1692,391547,391547,0
1693,391547,23072,1275
1694,391547,23072,1275
1695,390272,23072,1275
1696,391547,23072,1275
1697,390272,23072,1275
1698,388997,23072,1275
1699,390272,390272,0
1700,390272,390272,0
1701,390272,2912,1345
1702,390272,2912,1345
1703,390272,2912,1345
1704,390272,320,1354
1705,394334,29,1355
1706,397044,29,1355
1707,398399,29,1355
1708,399754,399754,0
1709,399754,399754,0
1710,399754,399754,0
1711,399754,399754,0
1712,399754,399754,0
1713,399754,399754,0
1714,399754,23491,1293
1715,399754,23491,1293
1716,403633,2029,1366
1717,399535,399535,0
1718,399535,16155,1322
1719,402179,95,1377
1720,402179,95,1377
1721,404933,95,1377
1722,400802,95,1377
1723,400802,95,1377
1724,404933,95,1377
1725,404933,95,1377
1726,402179,95,1377
1727,402179,95,1377
1728,402179,95,1377
1729,399425,95,1377
1730,398048,398048,0
1731,398048,398048,0
1732,398048,23504,1296
1733,395456,257,1377
1734,395456,257,1377
1735,392702,257,1377
1736,394079,257,1377
1737,395456,257,1377
1738,395456,257,1377
1739,398210,257,1377
1740,402341,402341,0
1741,402341,13451,1341
1742,403682,13451,1341
1743,401000,735,1385
1744,403770,403770,0
1745,403770,2990,1382
1746,402388,2990,1382
1747,405152,2990,1382
1748,405152,2990,1382
1749,406534,362,1391
1750,405143,405143,0
1751,405143,4319,1368
1752,403775,4319,1368
1753,406511,4319,1368
1754,403775,4319,1368
1755,402407,4319,1368
1756,401039,4319,1368
1757,403775,403775,0
1758,403775,403775,0
1759,403775,403775,0
1760,403775,23461,1298
1761,403775,23461,1298
1762,406371,746,1375
1763,403621,746,1375
1764,403621,746,1375
1765,403621,746,1375
1766,403621,746,1375
1767,404996,746,1375
1768,406371,746,1375
1769,407746,746,1375
1770,406371,746,1375
1771,404996,746,1375
1772,407746,746,1375
1773,403621,746,1375
1774,400871,164,1377
1775,399494,164,1377
1776,399494,164,1377
1777,396740,164,1377
1778,393986,164,1377
1779,393986,164,1377
1780,391232,391232,0
1781,391232,391232,0
1782,391232,391232,0
1783,391232,391232,0
1784,391232,391232,0
1785,391232,391232,0
1786,391232,391232,0
1787,391232,16984,1304
1788,392536,16984,1304
1789,391232,912,1360
1790,392592,912,1360
1791,393952,912,1360
1792,393952,912,1360
1793,395312,332,1362
1794,395312,332,1362
1795,393950,43,1363
1796,393950,43,1363
1797,396676,43,1363
1798,393950,43,1363
1799,392587,43,1363
1800,392587,43,1363
1801,392587,43,1363
1802,392587,43,1363
1803,393950,393950,0
1804,393950,393950,0
1805,393950,393950,0
1806,393950,393950,0
1807,393950,31544,1254
1808,393950,2066,1356
1809,395306,36,1363
1810,396669,36,1363
1811,396669,36,1363
1812,399395,36,1363
1813,398032,398032,0
1814,398032,15712,1296
1815,395440,1355,1345
1816,392750,1355,1345
1817,391405,195,1349
1818,395452,195,1349
1819,394103,195,1349
1820,394103,195,1349
1821,392754,195,1349
1822,392754,195,1349
1823,396801,195,1349
1824,398150,195,1349
1825,396801,195,1349
1826,396801,195,1349
1827,396801,396801,0
1828,396801,396801,0
1829,396801,1623,1358
1830,394085,394085,0
1831,394085,41445,1216
1832,392869,41445,1216
1833,392869,41445,1216
1834,394085,41445,1216
1835,394085,41445,1216
1836,394085,41445,1216
1837,391653,391653,0
1838,391653,391653,0
1839,391653,36060,1239
1840,392892,3516,1352
1841,395596,616,1362
1842,401044,322,1363
1843,403770,322,1363
1844,401044,322,1363
1845,399681,29,1364
1846,396953,29,1364
1847,396953,396953,0
1848,396953,396953,0
1849,396953,20823,1297
1850,398250,1617,1363
1851,395524,1617,1363
1852,394161,1617,1363
1853,391435,1617,1363
1854,391435,1617,1363
1855,387346,1617,1363
1856,387346,387346,0
1857,387346,387346,0
1858,387346,387346,0
1859,387346,387346,0
1860,387346,387346,0
1861,387346,45631,1199
1862,389744,859,1355
1863,387034,289,1357
1864,387034,289,1357
1865,389748,289,1357
1866,391105,289,1357
1867,389748,389748,0
1868,389748,10811,1339
1869,387070,1257,1373
1870,391189,1257,1373
1871,389816,1257,1373
1872,385697,1257,1373
1873,384324,1257,1373
1874,385697,137,1377
1875,388451,137,1377
1876,388451,137,1377
1877,391205,137,1377
1878,388451,388451,0
1879,388451,23227,1286
1880,385879,1795,1362
1881,385879,1795,1362
1882,381793,1795,1362
1883,384517,109,1368
1884,385885,385885,0
1885,385885,39693,1232
1886,387117,39693,1232
1887,387117,39693,1232
1888,390813,39693,1232
1889,387117,39693,1232
1890,388349,39693,1232
1891,388349,39693,1232
1892,385885,39693,1232
1893,388349,3469,1360
1894,385629,97,1372
1895,388373,97,1372
1896,384257,97,1372
1897,387001,97,1372
1898,385629,97,1372
1899,387001,97,1372
1900,388373,388373,0
1901,388373,388373,0
1902,388373,388373,0
1903,388373,50078,1187
1904,387186,4922,1346
1905,388532,4922,1346
1906,391224,4922,1346
1907,395262,395262,0
1908,395262,6951,1353
1909,397968,397968,0
1910,397968,397968,0
1911,397968,10818,1335
1912,397968,958,1369
1913,396599,91,1372
1914,393855,91,1372
1915,393855,91,1372
1916,389739,91,1372
1917,391111,91,1372
1918,389739,91,1372
1919,389739,91,1372
1920,386995,386995,0
1921,386995,386995,0
1922,386995,35315,1256
1923,389507,911,1378
1924,390885,911,1378
1925,390885,62,1381
1926,388123,62,1381
1927,388123,62,1381
1928,388123,62,1381
1929,386742,62,1381
1930,388123,388123,0
1931,388123,8163,1357
1932,384052,407,1385
1933,384052,407,1385
1934,386822,128,1386
1935,389594,128,1386
1936,389594,128,1386
1937,388208,128,1386
1938,389594,389594,0
1939,389594,40938,1232
1940,387130,1036,1374
1941,385756,1036,1374
1942,385756,1036,1374
1943,383008,202,1377
1944,383008,202,1377
1945,384385,202,1377
1946,384385,202,1377
1947,385762,202,1377
1948,387139,202,1377
1949,384385,202,1377
1950,384385,202,1377
1951,387139,202,1377
1952,389893,389893,0
1953,389893,18538,1303
1954,388590,1214,1364
1955,391318,356,1367
1956,388584,356,1367
1957,388584,388584,0
1958,388584,29457,1269
1959,391122,1812,1366
1960,393854,90,1372
1961,392482,392482,0
1962,392482,58747,1171
1963,390140,4128,1364
1964,390140,4128,1364
1965,390140,4128,1364
1966,394232,410,1377
1967,391478,410,1377
1968,394232,124,1378
1969,394232,124,1378
1970,394232,124,1378
1971,394232,394232,0
1972,394232,394232,0
1973,394232,8276,1359
1974,394232,308180,303
1975,393929,308180,303
1976,395141,308180,303
1977,394838,308180,303
1978,394838,1302,1376
1979,393462,393462,0
1980,393462,393462,0
1981,393462,1494,1361
1982,392101,1494,1361
1983,393462,1494,1361
1984,392101,1494,1361
1985,392101,59,1366
1986,394833,59,1366
1987,394833,394833,0
1988,394833,394833,0
1989,394833,24465,1286
1990,394833,24465,1286
1991,396119,396119,0
1992,396119,19552,1303
1993,394816,19552,1303
1994,396119,189,1370
1995,396119,189,1370
1996,394749,189,1370
1997,394749,189,1370
1998,396119,189,1370
1999,396119,189,1370
2000,398859,189,1370
2001,397489,189,1370
2002,394749,189,1370
2003,396119,189,1370
2004,392009,189,1370
2005,393379,189,1370
2006,387899,189,1370
2007,387899,387899,0
2008,387899,387899,0
2009,387899,35379,1259
2010,389158,35379,1259
2011,386640,1899,1379
2012,388019,388019,0
2013,388019,8165,1347
2014,388019,8165,1347
2015,388019,388019,0
2016,388019,388019,0
2017,388019,388019,0
2018,388019,12206,1347
2019,383978,338,1390
2020,386758,338,1390
2021,382588,338,1390
2022,382588,338,1390
2023,382588,338,1390
2024,382588,338,1390
2025,385368,385368,0
2026,385368,9756,1356
2027,385368,9756,1356
2028,388080,9756,1356
2029,388080,388080,0
2030,388080,388080,0
2031,388080,388080,0
2032,388080,7000,1361
2033,385358,7000,1361
2034,388080,7000,1361
2035,386719,7000,1361
2036,389441,7000,1361
2037,389441,389441,0
2038,389441,61337,1176
2039,389441,61337,1176
2040,387089,3721,1384
2041,388473,3721,1384
2042,387089,3721,1384
2043,382937,159,1397
2044,384334,159,1397
2045,382937,159,1397
2046,385731,159,1397
2047,387128,159,1397
2048,385731,159,1397
2049,384334,159,1397
2050,384334,159,1397
2051,382937,159,1397
2052,382937,159,1397
2053,385731,159,1397
2054,389922,159,1397
2055,387128,159,1397
2056,389922,159,1397
2057,388525,159,1397
2058,387128,387128,0
2059,387128,387128,0
2060,387128,4322,1377
2061,385751,167,1392
2062,385751,167,1392
2063,384359,167,1392
2064,382967,167,1392
2065,382967,167,1392
2066,382967,382967,0
2067,382967,382967,0
2068,382967,36905,1263
2069,382967,463,1396
2070,385759,463,1396
2071,389947,184,1397
2072,387153,184,1397
2073,389947,184,1397
2074,389947,184,1397
2075,391344,184,1397
2076,392741,184,1397
2077,395535,395535,0
2078,395535,20087,1322
2079,394213,560,1391
2080,392822,278,1392
2081,391430,278,1392
2082,392822,278,1392
2083,395606,278,1392
2084,395606,278,1392
2085,392822,278,1392
2086,394214,278,1392
2087,394214,394214,0
2088,394214,2798,1388
2089,385886,2798,1388
2090,385886,314,1397
2091,387283,314,1397
2092,390077,314,1397
2093,391474,314,1397
2094,394268,394268,0
2095,394268,12440,1354
2096,394268,878,1395
2097,392873,392873,0
2098,392873,392873,0
2099,392873,392873,0
2100,392873,392873,0
2101,392873,392873,0
2102,392873,392873,0
2103,392873,21197,1318
2104,390237,1037,1390
2105,393017,1037,1390
2106,395797,395797,0
2107,395797,395797,0
2108,395797,395797,0
2109,395797,395797,0
2110,395797,16177,1332
2111,393133,16177,1332
2112,391801,16177,1332
2113,390469,16177,1332
2114,390469,441,1388
2115,391857,159,1389
2116,391857,159,1389
2117,393246,159,1389
2118,391857,159,1389
2119,394635,159,1389
2120,394635,159,1389
2121,394635,159,1389
2122,396024,396024,0
2123,396024,24954,1302
2124,393420,24954,1302
2125,394722,1382,1385
2126,394722,1382,1385
2127,394722,1382,1385
2128,396107,1382,1385
2129,394722,246,1389
2130,394722,246,1389
2131,394722,394722,0
2132,394722,1472,1375
2133,394722,1472,1375
2134,393347,332,1379
2135,391968,48,1380
2136,394728,48,1380
2137,391968,48,1380
2138,391968,48,1380
2139,390588,48,1380
2140,390588,48,1380
2141,391968,391968,0
2142,391968,391968,0
2143,391968,391968,0
2144,391968,391968,0
2145,391968,391968,0
2146,391968,391968,0
2147,391968,391968,0
2148,391968,391968,0
2149,391968,391968,0
2150,391968,391968,0
2151,391968,391968,0
2152,391968,270,1389
2153,390579,270,1389
2154,390579,270,1389
2155,390579,270,1389
2156,390579,270,1389
2157,391968,270,1389
2158,390579,270,1389
2159,389190,270,1389
2160,393357,270,1389
2161,391968,270,1389
2162,391968,270,1389
2163,386412,270,1389
2164,386412,270,1389
2165,387801,387801,0
2166,387801,387801,0
2167,387801,2771,1385
2168,386416,278,1394
2169,386416,278,1394
2170,387810,278,1394
2171,386416,278,1394
2172,386416,278,1394
2173,390598,278,1394
2174,389204,278,1394
2175,390598,278,1394
2176,393386,278,1394
2177,391992,278,1394
2178,389204,278,1394
2179,390598,278,1394
2180,393386,278,1394
2181,391992,278,1394
2182,393386,278,1394
2183,394780,278,1394
2184,398962,278,1394
2185,396174,396174,0
2186,396174,396174,0
2187,396174,396174,0
2188,396174,396174,0
2189,396174,396174,0
2190,396174,2804,1390
2191,394784,2804,1390
2192,396174,257,1399
2193,398972,257,1399
2194,400371,257,1399
2195,397573,257,1399
2196,396174,257,1399
2197,397573,257,1399
2198,398972,257,1399
2199,400371,257,1399
2200,401770,401770,0
2201,401770,49418,1232
2202,399306,49418,1232
2203,399306,49418,1232
2204,400538,398,1404
2205,399134,399134,0
2206,399134,399134,0
2207,399134,399134,0
2208,399134,7054,1352
2209,400486,7054,1352
2210,399134,7054,1352
2211,395078,166,1376
2212,396454,166,1376
2213,397830,166,1376
2214,396454,166,1376
2215,397830,166,1376
2216,395078,166,1376
2217,393702,166,1376
2218,390950,166,1376
2219,390950,166,1376
2220,392326,166,1376
2221,393702,393702,0
2222,393702,393702,0
2223,393702,393702,0
2224,393702,18152,1295
2225,393702,1912,1351
2226,392351,178,1357
2227,393708,178,1357
2228,392351,178,1357
2229,392351,178,1357
2230,392351,178,1357
2231,390994,178,1357
2232,389637,178,1357
2233,390994,178,1357
2234,388280,178,1357
2235,389637,178,1357
2236,389637,178,1357
2237,388280,178,1357
2238,388280,178,1357
2239,388280,178,1357
2240,385566,178,1357
2241,386923,178,1357
2242,389637,178,1357
2243,386923,178,1357
2244,386923,178,1357
2245,388280,178,1357
2246,389637,178,1357
2247,390994,178,1357
2248,393708,178,1357
2249,395065,178,1357
2250,397779,178,1357
2251,399136,178,1357
2252,399136,178,1357
2253,403207,178,1357
2254,400493,178,1357
2255,399136,178,1357
2256,396422,178,1357
2257,397779,178,1357
2258,397779,178,1357
2259,397779,178,1357
2260,400493,178,1357
2261,401850,178,1357
2262,399136,399136,0
2263,399136,399136,0
2264,399136,27066,1283
2265,396570,396570,0
2266,396570,21174,1308
2267,400494,21174,1308
2268,400494,1454,1376
2269,400494,1454,1376
2270,404622,1454,1376
2271,403246,1454,1376
2272,404622,404622,0
2273,404622,36462,1248
2274,403374,1770,1366
2275,399276,24,1372
2276,397904,397904,0
2277,397904,22223,1291
2278,399195,22223,1291
2279,395322,1415,1363
2280,395322,395322,0
2281,395322,395322,0
2282,395322,19639,1309
2283,391395,19639,1309
2284,390086,390086,0
2285,390086,390086,0
2286,390086,14741,1317
2287,388769,388769,0
2288,388769,388769,0
2289,388769,17375,1317
2290,386135,1415,1374
2291,388883,1415,1374
2292,387509,291,1378
2293,388887,291,1378
2294,390265,291,1378
2295,391643,291,1378
2296,391643,291,1378
2297,394399,394399,0
2298,394399,394399,0
2299,394399,394399,0
2300,394399,24915,1301
2301,393098,24915,1301
2302,393098,24915,1301
2303,395700,24915,1301
2304,398302,24915,1301
2305,399603,24915,1301
2306,399603,2163,1380
2307,396843,161,1387
2308,396843,161,1387
2309,396843,161,1387
2310,396843,161,1387
2311,398230,161,1387
2312,396843,161,1387
2313,394069,161,1387
2314,394069,394069,0
2315,394069,394069,0
2316,394069,18811,1326
2317,392743,18811,1326
2318,392743,1327,1388
2319,389967,1327,1388
2320,389967,1327,1388
2321,391355,1327,1388
2322,394131,1327,1388
2323,392743,199,1392
2324,392743,199,1392
2325,391351,199,1392
2326,392743,199,1392
2327,391351,199,1392
2328,394135,199,1392
2329,394135,199,1392
2330,394135,199,1392
2331,394135,199,1392
2332,394135,199,1392
2333,394135,199,1392
2334,394135,199,1392
2335,394135,199,1392
2336,395527,199,1392
2337,391351,199,1392
2338,391351,199,1392
2339,388567,199,1392
2340,385783,199,1392
2341,385783,199,1392
2342,385783,199,1392
2343,388567,199,1392
2344,388567,199,1392
2345,387175,199,1392
2346,387175,199,1392
2347,387175,199,1392
2348,385783,199,1392
2349,384391,199,1392
2350,384391,384391,0
2351,384391,384391,0
2352,384391,6867,1358
2353,385749,171,1382
2354,385749,171,1382
2355,388513,171,1382
2356,388513,171,1382
2357,388513,171,1382
2358,388513,171,1382
2359,388513,171,1382
2360,389895,171,1382
2361,392659,171,1382
2362,391277,171,1382
2363,389895,171,1382
2364,391277,171,1382
2365,389895,171,1382
2366,388513,171,1382
2367,389895,171,1382
2368,387131,387131,0
2369,387131,387131,0
2370,387131,387131,0
2371,387131,387131,0
2372,387131,20621,1286
2373,384559,20621,1286
2374,384559,245,1358
2375,384559,245,1358
2376,385917,245,1358
2377,388633,245,1358
2378,388633,245,1358
2379,387275,245,1358
2380,388633,245,1358
2381,385917,245,1358
2382,387275,245,1358
2383,387275,245,1358
2384,385917,245,1358
2385,381843,245,1358
2386,383201,383201,0
2387,383201,11905,1312
2388,381889,11905,1312
2389,377953,466,1353
2390,376600,466,1353
2391,379306,379306,0
2392,379306,379306,0
2393,379306,4051,1345
2394,377961,437,1358
2395,379319,437,1358
2396,382035,437,1358
2397,380677,437,1358
2398,382035,156,1359
2399,382035,156,1359
2400,384753,156,1359
2401,382035,156,1359
2402,382035,382035,0
2403,382035,382035,0
2404,382035,115,1364
2405,383399,115,1364
2406,383399,115,1364
2407,384763,384763,0
2408,384763,19744,1299
2409,386062,19744,1299
2410,384763,2041,1362
2411,387487,2041,1362
2412,388849,337,1368
2413,391585,337,1368
2414,392953,50,1369
2415,392953,50,1369
2416,391584,50,1369
2417,394322,50,1369
2418,395691,50,1369
2419,394322,50,1369
2420,391584,50,1369
2421,391584,50,1369
2422,392953,50,1369
2423,388846,388846,0
2424,388846,388846,0
2425,388846,18190,1296
2426,388846,172,1359
2427,388846,172,1359
2428,388846,172,1359
2429,387487,172,1359
2430,386128,172,1359
2431,383410,172,1359
2432,386128,172,1359
2433,388846,388846,0
2434,388846,388846,0
2435,388846,388846,0
2436,388846,12076,1322
2437,387524,12076,1322
2438,387524,12076,1322
2439,387524,12076,1322
2440,387524,432,1363
2441,386161,149,1364
2442,386161,149,1364
2443,386161,149,1364
2444,383433,149,1364
2445,386161,149,1364
2446,386161,149,1364
2447,383433,149,1364
2448,380705,149,1364
2449,380705,149,1364
2450,380705,149,1364
2451,382069,149,1364
2452,377977,149,1364
2453,382069,149,1364
2454,383433,149,1364
2455,384797,149,1364
2456,386161,149,1364
2457,388889,149,1364
2458,388889,149,1364
2459,391617,149,1364
2460,397073,149,1364
2461,397073,149,1364
2462,398437,149,1364
2463,399801,149,1364
2464,398437,149,1364
2465,398437,149,1364
2466,399801,399801,0
2467,399801,399801,0
2468,399801,149,1364
2469,398437,149,1364
2470,401165,149,1364
2471,401165,149,1364
2472,399801,149,1364
2473,399801,149,1364
2474,398437,149,1364
2475,401165,149,1364
2476,401165,401165,0
2477,401165,401165,0
2478,401165,1622,1373
2479,405284,1622,1373
2480,406657,442,1377
2481,405280,405280,0
2482,405280,405280,0
2483,405280,405280,0
2484,405280,12045,1333
2485,407946,165,1373
2486,403827,165,1373
2487,402454,165,1373
2488,402454,165,1373
2489,402454,402454,0
2490,402454,402454,0
2491,402454,402454,0
2492,402454,402454,0
2493,402454,402454,0
2494,402454,402454,0
2495,402454,16004,1310
2496,405074,16004,1310
2497,406384,16004,1310
2498,409004,16004,1310
2499,410314,410314,0
2500,410314,214,1367
2501,407580,407580,0
2502,407580,407580,0
2503,407580,1468,1372
2504,403464,296,1376
2505,404840,296,1376
2506,406216,406216,0
2507,406216,26947,1277
2508,408770,26947,1277
2509,412601,412601,0
2510,412601,412601,0
2511,412601,412601,0
2512,412601,412601,0
2513,412601,6899,1366
2514,412601,68,1389
2515,416768,68,1389
2516,415379,68,1389
2517,415379,68,1389
2518,413990,68,1389
2519,415379,68,1389
2520,412601,68,1389
2521,412601,68,1389
2522,412601,68,1389
2523,412601,412601,0
2524,412601,412601,0
2525,412601,412601,0
2526,412601,412601,0
2527,412601,412601,0
2528,412601,412601,0
2529,412601,40784,1269
2530,411332,40784,1269
2531,412601,40784,1269
2532,412601,40784,1269
2533,412601,1522,1403
2534,412601,412601,0
2535,412601,412601,0
2536,412601,412601,0
2537,412601,412601,0
2538,412601,412601,0
2539,412601,412601,0
2540,412601,412601,0
2541,412601,52701,1220
2542,411381,6249,1378
2543,407247,407247,0
2544,407247,407247,0
2545,407247,407247,0
2546,407247,407247,0
2547,407247,407247,0
2548,407247,29957,1301
2549,408548,29957,1301
2550,407247,407247,0
2551,407247,407247,0
2552,407247,13839,1366
2553,407247,13839,1366
2554,407247,407247,0
2555,407247,1429,1414
2556,405833,1429,1414
2557,404419,1429,1414
2558,407247,1429,1414
2559,405833,1429,1414
2560,403005,293,1418
2561,404423,293,1418
2562,404423,293,1418
2563,404423,293,1418
2564,407259,293,1418
2565,403005,293,1418
2566,400169,293,1418
2567,403005,293,1418
2568,405841,293,1418
2569,405841,293,1418
2570,405841,7,1419
2571,403003,7,1419
2572,397327,7,1419
2573,397327,7,1419
2574,397327,7,1419
2575,397327,7,1419
2576,398746,7,1419
2577,400165,7,1419
2578,403003,7,1419
2579,401584,7,1419
2580,400165,7,1419
2581,403003,7,1419
2582,403003,403003,0
2583,403003,403003,0
2584,403003,403003,0
2585,403003,5795,1384
2586,403003,342,1403
2587,404406,54,1404
2588,408618,54,1404
2589,405810,54,1404
2590,405810,54,1404
2591,405810,54,1404
2592,405810,54,1404
2593,404406,54,1404
2594,403002,54,1404
2595,403002,54,1404
2596,403002,54,1404
2597,403002,54,1404
2598,403002,403002,0
2599,403002,17658,1338
2600,403002,17658,1338
2601,405678,258,1398
2602,404280,258,1398
2603,404280,258,1398
2604,402882,258,1398
2605,401484,258,1398
2606,402882,258,1398
2607,404280,258,1398
2608,398688,258,1398
2609,400086,258,1398
2610,402882,258,1398
2611,400086,258,1398
2612,400086,400086,0
2613,400086,400086,0
2614,400086,21056,1307
2615,400086,400086,0
2616,400086,400086,0
2617,400086,37586,1250
2618,400086,6266,1358
2619,401444,737,1377
2620,404198,737,1377
2621,405575,149,1379
2622,406954,149,1379
2623,404196,404196,0
2624,404196,404196,0
2625,404196,24333,1279
2626,402917,24333,1279
2627,408033,33,1360
2628,408033,408033,0
2629,408033,30333,1259
2630,402997,30333,1259
2631,405515,405515,0
2632,405515,5456,1347
2633,405515,5456,1347
2634,405515,5456,1347
2635,406862,390,1364
2636,404134,390,1364
2637,405498,390,1364
2638,405498,93,1365
2639,404133,404133,0
2640,404133,404133,0
2641,404133,404133,0
2642,404133,404133,0
2643,404133,26865,1266
2644,402867,26865,1266
2645,406665,26865,1266
2646,406665,406665,0
2647,406665,36251,1243
2648,410394,432,1362
2649,411756,130,1363
2650,409030,130,1363
2651,409030,130,1363
2652,409030,130,1363
2653,411756,130,1363
2654,411756,130,1363
2655,413119,130,1363
2656,414482,130,1363
2657,411756,411756,0
2658,411756,6911,1345
2659,410411,611,1366
2660,409045,611,1366
2661,406313,17,1368
2662,404945,17,1368
2663,402209,17,1368
2664,403577,17,1368
2665,403577,17,1368
2666,402209,17,1368
2667,402209,17,1368
2668,396737,17,1368
2669,398105,17,1368
2670,398105,17,1368
2671,392633,392633,0
2672,392633,392633,0
2673,392633,392633,0
2674,392633,8381,1353
2675,395339,8381,1353
2676,395339,8381,1353
2677,396692,58,1382
2678,395310,58,1382
2679,391164,58,1382
2680,392546,58,1382
2681,391164,58,1382
2682,391164,58,1382
2683,392546,392546,0
2684,392546,12071,1335
2685,391211,12071,1335
2686,393881,12071,1335
2687,393881,12071,1335
2688,393881,393881,0
2689,393881,34211,1262
2690,392619,1267,1378
2691,391241,135,1382
2692,389859,135,1382
2693,389859,135,1382
2694,391241,135,1382
2695,389859,135,1382
2696,389859,389859,0
2697,389859,33270,1269
2698,388590,33270,1269
2699,387321,387321,0
2700,387321,35361,1257
2701,388578,388578,0
2702,388578,388578,0
2703,388578,43338,1233
2704,387345,43338,1233
2705,388578,43338,1233
2706,387345,43338,1233
2707,388578,1898,1381
2708,388578,1898,1381
2709,388578,1898,1381
2710,385816,1898,1381
2711,392721,1898,1381
2712,391340,206,1387
2713,391340,206,1387
2714,392727,206,1387
2715,395501,206,1387
2716,396888,206,1387
2717,396888,206,1387
2718,401049,206,1387
2719,398275,206,1387
2720,398275,206,1387
2721,399662,206,1387
2722,401049,206,1387
2723,401049,206,1387
2724,402436,206,1387
2725,402436,206,1387
2726,398275,206,1387
2727,399662,399662,0
2728,399662,27423,1297
2729,399662,2454,1384
2730,399662,158,1392
2731,399662,158,1392
2732,399662,158,1392
2733,396878,158,1392
2734,399662,158,1392
2735,396878,158,1392
2736,398270,158,1392
2737,399662,158,1392
2738,398270,158,1392
2739,403838,158,1392
2740,402446,158,1392
2741,401054,158,1392
2742,398270,158,1392
2743,399662,158,1392
2744,398270,158,1392
2745,403838,158,1392
2746,405230,158,1392
2747,405230,405230,0
2748,405230,17681,1341
2749,403889,17681,1341
2750,405230,919,1399
2751,406629,919,1399
2752,403831,403831,0
2753,403831,403831,0
2754,403831,403831,0
2755,403831,34749,1286
2756,402545,34749,1286
2757,401259,1404,1403
2758,402662,1404,1403
2759,405468,1404,1403
2760,405468,1404,1403
2761,405468,1404,1403
2762,409677,240,1407
2763,411084,240,1407
2764,409677,240,1407
2765,411084,240,1407
2766,408270,240,1407
2767,406863,240,1407
2768,405456,240,1407
2769,406863,240,1407
2770,406863,240,1407
2771,408270,240,1407
2772,406863,240,1407
2773,406863,240,1407
2774,406863,240,1407
2775,405456,240,1407
2776,408270,240,1407
2777,406863,240,1407
2778,406863,240,1407
2779,409677,240,1407
2780,409677,240,1407
2781,409677,240,1407
2782,408270,408270,0
2783,408270,408270,0
2784,408270,408270,0
2785,408270,408270,0
2786,408270,408270,0
2787,408270,16386,1356
2788,412338,326,1411
2789,410927,326,1411
2790,406694,406694,0
2791,406694,17514,1342
2792,409378,578,1400
2793,406578,578,1400
2794,405178,578,1400
2795,403778,578,1400
2796,403778,290,1401
2797,398174,290,1401
2798,398174,290,1401
2799,398174,290,1401
2800,400976,290,1401
2801,400976,290,1401
2802,400976,290,1401
2803,398174,290,1401
2804,399575,290,1401
2805,400976,290,1401
2806,403778,290,1401
2807,400976,290,1401
2808,402377,402377,0
2809,402377,402377,0
2810,402377,402377,0
2811,402377,402377,0
2812,402377,402377,0
2813,402377,13779,1354
2814,402377,1151,1398
2815,403775,1151,1398
2816,403775,287,1401
2817,405176,287,1401
2818,403775,287,1401
2819,405176,287,1401
2820,402374,287,1401
2821,402374,287,1401
2822,403775,287,1401
2823,403775,287,1401
2824,406577,406577,0
2825,406577,4461,1406
2826,406577,4461,1406
2827,405171,186,1421
2828,403750,403750,0
2829,403750,403750,0
2830,403750,403750,0
2831,403750,403750,0
2832,403750,403750,0
2833,403750,403750,0
2834,403750,403750,0
2835,403750,403750,0
2836,403750,403750,0
2837,403750,30582,1328
2838,406406,301,1435
2839,413581,413581,0
2840,413581,413581,0
2841,413581,33133,1321
2842,414902,414902,0
2843,414902,414902,0
2844,414902,7211,1401
2845,417704,7211,1401
2846,419105,155,1425
2847,419105,155,1425
2848,416255,155,1425
2849,417680,155,1425
2850,414830,155,1425
2851,416255,155,1425
2852,411980,411980,0
2853,411980,411980,0
2854,411980,411980,0
2855,411980,411980,0
2856,411980,411980,0
2857,411980,411980,0
2858,411980,4289,1401
2859,414782,187,1415
2860,416197,187,1415
2861,420442,187,1415
2862,417612,187,1415
2863,417612,187,1415
2864,420442,187,1415
2865,420442,187,1415
2866,419027,187,1415
2867,417612,187,1415
2868,416197,416197,0
2869,416197,11271,1382
2870,416197,416197,0
2871,416197,416197,0
2872,416197,416197,0
2873,416197,416197,0
2874,416197,416197,0
2875,416197,416197,0
2876,416197,416197,0
2877,416197,416197,0
2878,416197,24295,1333
2879,416197,416197,0
2880,416197,416197,0
2881,416197,416197,0
2882,416197,416197,0
2883,416197,17818,1369
2884,416197,17818,1369
2885,416197,17818,1369
2886,417566,298,1429
2887,416137,298,1429
2888,418995,298,1429
2889,418995,298,1429
2890,414708,298,1429
2891,413279,298,1429
2892,410421,298,1429
2893,411850,10,1430
2894,410420,410420,0
2895,410420,29396,1323
2896,409097,409,1424
2897,409097,122,1425
2898,406247,122,1425
2899,407672,122,1425
2900,406247,122,1425
2901,407672,122,1425
2902,409097,122,1425
2903,411947,122,1425
2904,413372,122,1425
2905,411947,122,1425
2906,413372,413372,0
2907,413372,40559,1299
2908,415970,40559,1299
2909,414671,40559,1299
2910,417269,1409,1434
2911,415835,1409,1434
2912,414401,1409,1434
2913,411533,265,1438
2914,410095,265,1438
2915,411533,265,1438
2916,412971,265,1438
2917,415847,265,1438
2918,415847,265,1438
2919,415847,265,1438
2920,415847,265,1438
2921,417285,265,1438
2922,417285,417285,0
2923,417285,15345,1386
2924,418671,15345,1386
2925,418671,15345,1386
2926,417285,417285,0
2927,417285,282,1433
2928,411553,282,1433
2929,414419,414419,0
2930,414419,414419,0
2931,414419,414419,0
2932,414419,414419,0
2933,414419,10015,1414
2934,414419,291,1448
2935,418763,291,1448
2936,415867,291,1448
2937,412971,6,1449
2938,411522,6,1449
2939,412971,6,1449
2940,414420,6,1449
2941,414420,6,1449
2942,417318,6,1449
2943,415869,6,1449
2944,415869,6,1449
2945,411522,6,1449
2946,411522,6,1449
2947,414420,6,1449
2948,410073,6,1449
2949,407175,6,1449
2950,408624,408624,0
2951,408624,27078,1353
2952,404565,27078,1353
2953,403212,27078,1353
2954,407271,27078,1353
2955,407271,27078,1353
2956,405918,27078,1353
2957,403212,1780,1444
2958,404656,106,1450
2959,406106,106,1450
2960,406106,106,1450
2961,404656,106,1450
2962,406106,106,1450
2963,407556,106,1450
2964,404656,106,1450
2965,406106,106,1450
2966,404656,106,1450
2967,404656,106,1450
2968,409006,106,1450
2969,407556,407556,0
2970,407556,407556,0
2971,407556,407556,0
2972,407556,407556,0
2973,407556,407556,0
2974,407556,407556,0
2975,407556,407556,0
2976,407556,66,1445
2977,404666,66,1445
2978,401776,66,1445
2979,403221,66,1445
2980,404666,66,1445
2981,404666,66,1445
2982,401776,66,1445
2983,398886,66,1445
2984,400331,66,1445
2985,403221,66,1445
2986,398886,66,1445
2987,395996,66,1445
2988,393106,66,1445
2989,391661,391661,0
2990,391661,391661,0
2991,391661,391661,0
2992,391661,391661,0
2993,391661,391661,0
2994,391661,391661,0
2995,391661,391661,0
2996,391661,391661,0
2997,391661,391661,0
2998,391661,391661,0
2999,391661,23741,1314
3000,390347,3095,1388
